<?xml version="1.0" encoding="UTF-8"?>
<beans xmlns="http://www.springframework.org/schema/beans" xmlns:xsi="http://www.w3.org/2001/XMLSchema-instance"
       xmlns:tx="http://www.springframework.org/schema/tx" xmlns:jpa="http://www.springframework.org/schema/data/jpa"
       xsi:schemaLocation="http://www.springframework.org/schema/beans http://www.springframework.org/schema/beans/spring-beans-4.1.xsd
		http://www.springframework.org/schema/tx http://www.springframework.org/schema/tx/spring-tx-4.1.xsd
		http://www.springframework.org/schema/data/jpa http://www.springframework.org/schema/data/jpa/spring-jpa-1.0.xsd
		http://www.springframework.org/schema/beans http://www.springframework.org/schema/beans/spring-beans.xsd">

    <!-- 数据源配置, 使用DBCP数据库连接池 -->
    <bean id="dataSource" class="org.apache.commons.dbcp.BasicDataSource" destroy-method="close">
        <!-- Connection Info -->
        <property name="driverClassName" value="${jdbc.driver}"/>
        <property name="url" value="${jdbc.url}"/>
        <property name="username" value="${jdbc.username}"/>
        <property name="password" value="${jdbc.password}"/>

        <!-- Connection Pooling Info -->
        <property name="maxActive" value="${dbcp.maxActive}"/>
        <property name="maxIdle" value="${dbcp.maxIdle}"/>
        <property name="defaultAutoCommit" value="false"/>
        <!-- 连接Idle一个小时后超时 -->
        <property name="timeBetweenEvictionRunsMillis" value="3600000"/>
        <property name="minEvictableIdleTimeMillis" value="3600000"/>
    </bean>

    <!-- Jpa Entity Manager 配置 -->
    <bean id="entityManagerFactory" class="org.springframework.orm.jpa.LocalContainerEntityManagerFactoryBean">
        <property name="dataSource" ref="dataSource"/>
        <property name="jpaVendorAdapter" ref="hibernateJpaVendorAdapter"/>
        <property name="packagesToScan" value="me.kafeitu.demo.activiti.entity.oa"/>
        <property name="jpaProperties">
            <props>
                <prop key="hibernate.dialect">${hibernate.dialect}</prop>
                <prop key="hibernate.ejb.naming_strategy">org.hibernate.cfg.ImprovedNamingStrategy</prop>
                <prop key="hibernate.hbm2ddl.auto">update</prop>
            </props>
        </property>
    </bean>

    <bean id="hibernateJpaVendorAdapter" class="org.springframework.orm.jpa.vendor.HibernateJpaVendorAdapter"/>

    <!-- Spring Data Jpa配置 -->
    <jpa:repositories base-package="me.kafeitu.demo.activiti" transaction-manager-ref="transactionManager"
                      entity-manager-factory-ref="entityManagerFactory"/>

    <!-- Jpa 事务配置 -->
    <bean id="transactionManager" class="org.springframework.orm.jpa.JpaTransactionManager">
        <property name="entityManagerFactory" ref="entityManagerFactory"/>
    </bean>

    <!-- 使用annotation定义事务 -->
    <tx:annotation-driven transaction-manager="transactionManager" proxy-target-class="true"/>
</beans>